{"CIFAR10_batch_2048": {"epoch": [1, 2, 3, 4, 5, 6, 7, 8, 9, 10], "train_accuracy": [19.31, 29.094, 36.924, 42.264, 46.428, 49.672, 53.354, 54.728, 57.432, 59.884], "test_accuracy": [26.42, 34.1, 40.34, 44.61, 46.18, 52.0, 51.15, 55.65, 56.79, 58.65], "prs_ratio": [0.14764, 0.37706, 0.65108, 0.7563, 0.75936, 0.88646, 0.8725, 0.91244, 0.9434, 0.96834]}, "CIFAR10_batch_128": {"epoch": [1, 2, 3, 4, 5, 6, 7, 8, 9, 10], "train_accuracy": [34.866, 54.686, 64.672, 70.692, 74.99, 78.556, 81.218, 83.662, 85.846, 87.868], "test_accuracy": [48.22, 61.16, 67.24, 72.59, 73.44, 74.64, 76.5, 77.49, 77.54, 76.32], "prs_ratio": [0.60468, 0.8025, 0.81342, 0.87448, 0.87042, 0.87214, 0.87204, 0.9007, 0.88182, 0.93854]}}