{
    "epoch": [
        1
    ],
    "train_accuracy": [
        92.80833333333334
    ],
    "test_accuracy": [
        98.01
    ],
    "prs_ratios": [
        0.8713166666666666
    ]
}