{"epoch": [1, 2, 3, 4, 5, 6, 7, 8, 9, 10, 11, 12, 13, 14, 15, 16, 17, 18, 19, 20, 21, 22, 23, 24, 25, 26, 27, 28, 29, 30, 31, 32, 33, 34, 35, 36, 37, 38, 39, 40, 41, 42, 43, 44, 45, 46, 47, 48, 49, 50, 51, 52, 53, 54, 55, 56, 57, 58, 59, 60, 61, 62, 63, 64, 65, 66, 67, 68, 69, 70, 71, 72, 73, 74, 75, 76, 77, 78, 79, 80, 81, 82, 83, 84, 85, 86, 87, 88, 89, 90, 91, 92, 93, 94, 95, 96, 97, 98, 99, 100, 101, 102, 103, 104, 105, 106, 107, 108, 109, 110, 111, 112, 113, 114, 115, 116, 117, 118, 119, 120, 121, 122, 123, 124, 125, 126, 127, 128, 129, 130, 131, 132, 133, 134, 135, 136, 137, 138, 139, 140, 141, 142, 143, 144, 145, 146, 147, 148, 149, 150, 151, 152, 153, 154, 155, 156, 157, 158, 159, 160, 161, 162, 163, 164, 165, 166, 167, 168, 169, 170, 171, 172, 173, 174, 175, 176, 177, 178, 179, 180, 181, 182, 183, 184, 185, 186, 187, 188, 189, 190, 191, 192, 193, 194, 195, 196, 197, 198, 199, 200, 201, 202, 203, 204, 205, 206, 207, 208, 209, 210, 211, 212, 213, 214, 215, 216, 217, 218, 219, 220, 221, 222, 223, 224, 225, 226, 227, 228, 229, 230, 231, 232, 233, 234, 235, 236, 237, 238, 239, 240, 241, 242, 243, 244, 245, 246, 247, 248, 249, 250, 251, 252, 253, 254, 255, 256, 257, 258, 259, 260, 261, 262, 263, 264, 265, 266, 267, 268, 269, 270, 271, 272, 273, 274, 275, 276, 277, 278, 279, 280, 281, 282, 283, 284, 285, 286, 287, 288, 289, 290, 291, 292, 293, 294, 295, 296, 297, 298, 299, 300], "train_accuracy": [91.11666666666666, 98.40166666666667, 98.92333333333333, 99.04, 99.40333333333334, 99.60166666666667, 99.61666666666666, 99.64666666666666, 99.705, 99.89166666666667, 99.895, 99.91833333333334, 99.80666666666667, 99.49, 99.62833333333333, 99.66333333333333, 99.78, 99.90666666666667, 99.965, 99.975, 99.74833333333333, 99.725, 99.79166666666667, 99.86666666666666, 99.94, 99.985, 99.97666666666667, 99.85833333333333, 99.73833333333333, 99.86333333333333, 99.88, 99.90666666666667, 99.97333333333333, 99.99333333333334, 99.95, 99.83333333333333, 99.86666666666666, 99.89333333333333, 99.925, 99.83, 99.725, 99.85166666666667, 99.91666666666667, 99.89833333333333, 99.95333333333333, 99.99, 99.995, 100.0, 99.995, 99.87333333333333, 99.745, 99.87833333333333, 99.95833333333333, 99.93833333333333, 99.97166666666666, 99.995, 99.99666666666667, 99.99333333333334, 99.99166666666666, 99.88, 99.82166666666667, 99.91333333333333, 99.91166666666666, 99.95666666666666, 99.985, 99.99666666666667, 100.0, 100.0, 99.99333333333334, 99.935, 99.85333333333334, 99.72833333333334, 99.88333333333334, 99.90166666666667, 99.95166666666667, 99.94833333333334, 99.98833333333333, 99.995, 99.99666666666667, 99.98666666666666, 99.995, 100.0, 100.0, 100.0, 100.0, 100.0, 100.0, 100.0, 100.0, 100.0, 100.0, 100.0, 100.0, 100.0, 100.0, 100.0, 100.0, 100.0, 100.0, 100.0, 100.0, 100.0, 100.0, 100.0, 100.0, 100.0, 100.0, 100.0, 100.0, 100.0, 100.0, 100.0, 100.0, 100.0, 100.0, 100.0, 100.0, 100.0, 100.0, 100.0, 100.0, 100.0, 100.0, 100.0, 100.0, 100.0, 100.0, 100.0, 100.0, 100.0, 100.0, 100.0, 100.0, 100.0, 100.0, 100.0, 100.0, 100.0, 100.0, 100.0, 100.0, 100.0, 100.0, 100.0, 100.0, 100.0, 100.0, 100.0, 100.0, 100.0, 100.0, 100.0, 100.0, 100.0, 100.0, 100.0, 100.0, 100.0, 100.0, 100.0, 100.0, 100.0, 100.0, 100.0, 100.0, 100.0, 100.0, 100.0, 100.0, 100.0, 100.0, 100.0, 100.0, 100.0, 100.0, 100.0, 100.0, 100.0, 100.0, 100.0, 100.0, 100.0, 100.0, 100.0, 100.0, 100.0, 100.0, 100.0, 100.0, 100.0, 100.0, 100.0, 100.0, 100.0, 100.0, 100.0, 100.0, 100.0, 100.0, 100.0, 100.0, 100.0, 100.0, 100.0, 100.0, 100.0, 100.0, 100.0, 100.0, 100.0, 100.0, 100.0, 100.0, 100.0, 100.0, 100.0, 100.0, 100.0, 100.0, 100.0, 100.0, 100.0, 100.0, 100.0, 100.0, 100.0, 100.0, 100.0, 100.0, 100.0, 100.0, 100.0, 100.0, 100.0, 100.0, 100.0, 100.0, 100.0, 100.0, 100.0, 100.0, 100.0, 100.0, 100.0, 100.0, 100.0, 100.0, 100.0, 100.0, 100.0, 100.0, 100.0, 100.0, 100.0, 100.0, 100.0, 100.0, 100.0, 100.0, 100.0, 100.0, 100.0, 100.0, 100.0, 100.0, 100.0, 100.0, 100.0, 100.0, 100.0, 100.0, 100.0, 100.0, 100.0, 100.0, 100.0, 100.0, 100.0, 100.0, 100.0, 100.0, 100.0, 100.0, 100.0, 100.0, 100.0, 100.0, 100.0, 100.0, 100.0, 100.0, 100.0, 100.0, 100.0, 100.0, 100.0, 100.0, 100.0, 100.0, 100.0], "test_accuracy": [98.47, 98.87, 98.83, 98.44, 99.16, 99.14, 99.23, 99.33, 99.42, 99.3, 99.39, 99.26, 99.28, 99.16, 99.31, 99.1, 99.3, 99.51, 99.49, 99.52, 99.23, 99.29, 99.28, 99.35, 99.41, 99.34, 99.36, 99.04, 99.28, 99.31, 99.41, 99.35, 99.42, 99.36, 99.23, 99.22, 99.27, 99.36, 99.3, 99.13, 99.37, 99.31, 99.38, 99.36, 99.44, 99.46, 99.43, 99.48, 99.4, 99.31, 99.47, 99.32, 99.39, 99.29, 99.44, 99.42, 99.5, 99.53, 99.45, 99.18, 99.38, 99.36, 99.35, 99.39, 99.48, 99.47, 99.47, 99.45, 99.42, 99.44, 99.21, 99.18, 99.37, 99.25, 99.26, 99.42, 99.4, 99.4, 99.45, 99.37, 99.41, 99.42, 99.42, 99.42, 99.42, 99.42, 99.42, 99.42, 99.42, 99.42, 99.42, 99.42, 99.42, 99.42, 99.42, 99.42, 99.42, 99.42, 99.42, 99.42, 99.42, 99.42, 99.42, 99.42, 99.42, 99.42, 99.42, 99.42, 99.42, 99.42, 99.42, 99.42, 99.42, 99.42, 99.42, 99.42, 99.42, 99.42, 99.42, 99.42, 99.42, 99.42, 99.42, 99.42, 99.42, 99.42, 99.42, 99.42, 99.42, 99.42, 99.42, 99.42, 99.42, 99.42, 99.42, 99.42, 99.42, 99.42, 99.42, 99.42, 99.42, 99.42, 99.42, 99.42, 99.42, 99.42, 99.42, 99.42, 99.42, 99.42, 99.42, 99.42, 99.42, 99.42, 99.42, 99.42, 99.42, 99.42, 99.42, 99.42, 99.42, 99.42, 99.42, 99.42, 99.42, 99.42, 99.42, 99.42, 99.42, 99.42, 99.42, 99.42, 99.42, 99.42, 99.42, 99.42, 99.42, 99.42, 99.42, 99.42, 99.42, 99.42, 99.42, 99.42, 99.42, 99.42, 99.42, 99.42, 99.42, 99.42, 99.42, 99.42, 99.42, 99.42, 99.42, 99.42, 99.42, 99.42, 99.42, 99.42, 99.42, 99.42, 99.42, 99.42, 99.42, 99.42, 99.42, 99.42, 99.42, 99.42, 99.42, 99.42, 99.43, 99.43, 99.43, 99.43, 99.43, 99.43, 99.43, 99.43, 99.43, 99.43, 99.43, 99.43, 99.43, 99.43, 99.43, 99.43, 99.43, 99.43, 99.43, 99.43, 99.43, 99.43, 99.43, 99.43, 99.43, 99.43, 99.43, 99.43, 99.43, 99.43, 99.43, 99.43, 99.43, 99.43, 99.43, 99.43, 99.43, 99.43, 99.43, 99.43, 99.43, 99.43, 99.43, 99.43, 99.43, 99.43, 99.43, 99.43, 99.43, 99.43, 99.43, 99.43, 99.43, 99.43, 99.43, 99.43, 99.43, 99.43, 99.43, 99.43, 99.43, 99.43, 99.43, 99.43, 99.43, 99.43, 99.43, 99.43, 99.43, 99.43, 99.43, 99.43, 99.43, 99.43, 99.43, 99.43, 99.43, 99.43, 99.43, 99.43, 99.43, 99.43, 99.43, 99.43, 99.43, 99.43, 99.43, 99.43],