{"epoch": [1, 2, 3, 4, 5, 6, 7, 8, 9, 10, 11, 12, 13, 14, 15, 16, 17, 18, 19, 20, 21, 22, 23, 24, 25, 26, 27, 28, 29, 30, 31, 32, 33, 34, 35, 36, 37, 38, 39, 40, 41, 42, 43, 44, 45, 46, 47, 48, 49, 50, 51, 52, 53, 54, 55, 56, 57, 58, 59, 60, 61, 62, 63, 64, 65, 66, 67, 68, 69, 70, 71, 72, 73, 74, 75, 76, 77, 78, 79, 80, 81, 82, 83, 84, 85, 86, 87, 88, 89, 90, 91, 92, 93, 94, 95, 96, 97, 98, 99, 100, 101, 102, 103, 104, 105, 106, 107, 108, 109, 110, 111, 112, 113, 114, 115, 116, 117, 118, 119, 120, 121, 122, 123, 124, 125, 126, 127, 128, 129, 130, 131, 132, 133, 134, 135, 136, 137, 138, 139, 140, 141, 142, 143, 144, 145, 146, 147, 148, 149, 150, 151, 152, 153, 154, 155, 156, 157, 158, 159, 160, 161, 162, 163, 164, 165, 166, 167, 168, 169, 170, 171, 172, 173, 174, 175, 176, 177, 178, 179, 180, 181, 182, 183, 184, 185, 186, 187, 188, 189, 190, 191, 192, 193, 194, 195, 196, 197, 198, 199, 200, 201, 202, 203, 204, 205, 206, 207, 208, 209, 210, 211, 212, 213, 214, 215, 216, 217, 218, 219, 220, 221, 222, 223, 224, 225, 226, 227, 228, 229, 230, 231, 232, 233, 234, 235, 236, 237, 238, 239, 240, 241, 242, 243, 244, 245, 246, 247, 248, 249, 250, 251, 252, 253, 254, 255, 256, 257, 258, 259, 260, 261, 262, 263, 264, 265, 266, 267, 268, 269, 270, 271, 272, 273, 274, 275, 276, 277, 278, 279, 280, 281, 282, 283, 284, 285, 286, 287, 288, 289, 290, 291, 292, 293, 294, 295, 296, 297, 298, 299, 300], "train_accuracy": [43.89833333333333, 87.72333333333333, 96.01166666666667, 97.74166666666666, 98.40166666666667, 98.83, 99.05666666666667, 99.25, 99.285, 99.42, 99.50333333333333, 99.56166666666667, 99.605, 99.65833333333333, 99.67333333333333, 99.71166666666667, 99.775, 99.755, 99.79, 99.75833333333334, 99.81833333333333, 99.82833333333333, 99.81833333333333, 99.80833333333334, 99.815, 99.845, 99.85666666666667, 99.81166666666667, 99.86, 99.865, 99.88, 99.865, 99.88833333333334, 99.86166666666666, 99.905, 99.88833333333334, 99.90833333333333, 99.86666666666666, 99.90833333333333, 99.90166666666667, 99.89333333333333, 99.90166666666667, 99.93666666666667, 99.89, 99.91166666666666, 99.875, 99.915, 99.93166666666667, 99.905, 99.93833333333333, 99.94666666666667, 99.93666666666667, 99.93333333333334, 99.94833333333334, 99.92333333333333, 99.94666666666667, 99.91333333333333, 99.935, 99.93666666666667, 99.92, 99.94666666666667, 99.94666666666667, 99.935, 99.91166666666666, 99.94666666666667, 99.93166666666667, 99.94166666666666, 99.95, 99.98, 99.98833333333333, 99.99666666666667, 99.99333333333334, 99.99833333333333, 100.0, 100.0, 99.995, 99.99833333333333, 100.0, 100.0, 99.99666666666667, 99.99833333333333, 100.0, 100.0, 100.0, 100.0, 100.0, 100.0, 100.0, 100.0, 100.0, 100.0, 100.0, 100.0, 100.0, 100.0, 100.0, 100.0, 100.0, 100.0, 100.0, 100.0, 100.0, 100.0, 100.0, 100.0, 100.0, 100.0, 100.0, 100.0, 100.0, 100.0, 100.0, 100.0, 100.0, 100.0, 100.0, 100.0, 100.0, 100.0, 100.0, 100.0, 100.0, 100.0, 100.0, 100.0, 100.0, 100.0, 100.0, 100.0, 100.0, 100.0, 100.0, 100.0, 100.0, 100.0, 100.0, 100.0, 100.0, 100.0, 100.0, 100.0, 100.0, 100.0, 100.0, 100.0, 100.0, 100.0, 100.0, 100.0, 100.0, 100.0, 100.0, 100.0, 100.0, 100.0, 100.0, 100.0, 100.0, 100.0, 100.0, 100.0, 100.0, 100.0, 100.0, 100.0, 100.0, 100.0, 100.0, 100.0, 100.0, 100.0, 100.0, 100.0, 100.0, 100.0, 100.0, 100.0, 100.0, 100.0, 100.0, 100.0, 100.0, 100.0, 100.0, 100.0, 100.0, 100.0, 100.0, 100.0, 100.0, 100.0, 100.0, 100.0, 100.0, 100.0, 100.0, 100.0, 100.0, 100.0, 100.0, 100.0, 100.0, 100.0, 100.0, 100.0, 100.0, 100.0, 100.0, 100.0, 100.0, 100.0, 100.0, 100.0, 100.0, 100.0, 100.0, 100.0, 100.0, 100.0, 100.0, 100.0, 100.0, 100.0, 100.0, 100.0, 100.0, 100.0, 100.0, 100.0, 100.0, 100.0, 100.0, 100.0, 100.0, 100.0, 100.0, 100.0, 100.0, 100.0, 100.0, 100.0, 100.0, 100.0, 100.0, 100.0, 100.0, 100.0, 100.0, 100.0, 100.0, 100.0, 100.0, 100.0, 100.0, 100.0, 100.0, 100.0, 100.0, 100.0, 100.0, 100.0, 100.0, 100.0, 100.0, 100.0, 100.0, 100.0, 100.0, 100.0, 100.0, 100.0, 100.0, 100.0, 100.0, 100.0, 100.0, 100.0, 100.0, 100.0, 100.0, 100.0, 100.0, 100.0, 100.0, 100.0, 100.0, 100.0, 100.0, 100.0, 100.0, 100.0, 100.0, 100.0, 100.0, 100.0, 100.0, 100.0, 100.0, 100.0, 100.0], "test_accuracy": [79.67, 95.18, 97.24, 98.12, 98.76, 98.91, 98.96, 98.68, 99.05, 99.06, 99.03, 99.07, 99.14, 98.95, 98.88, 99.09, 99.04, 99.26, 99.17, 99.09, 99.26, 99.34, 99.02, 99.25, 99.14, 99.21, 99.17, 99.03, 99.08, 99.19, 99.03, 99.25, 99.17, 99.26, 99.1, 99.32, 99.18, 99.15, 99.26, 99.18, 99.33, 99.35, 99.22, 99.44, 99.24, 99.32, 99.28, 99.19, 99.21, 99.39, 99.31, 99.3, 99.3, 99.3, 99.36, 99.18, 99.33, 99.3, 99.37, 99.29, 99.15, 99.22, 99.31, 99.22, 99.28, 99.34, 99.37, 99.29, 99.4, 99.35, 99.28, 99.31, 99.36, 99.43, 99.32, 99.4, 99.43, 99.4, 99.38, 99.34, 99.38, 99.4, 99.37, 99.38, 99.38, 99.38, 99.38, 99.38, 99.38, 99.38, 99.38, 99.38, 99.38, 99.38, 99.38, 99.38, 99.38, 99.38, 99.38, 99.38, 99.38, 99.38, 99.38, 99.38, 99.38, 99.38, 99.38, 99.39, 99.39, 99.39, 99.39, 99.39, 99.39, 99.39, 99.39, 99.39, 99.39, 99.39, 99.39, 99.39, 99.39, 99.39, 99.39, 99.39, 99.39, 99.39, 99.39, 99.39, 99.39, 99.39, 99.39, 99.39, 99.39, 99.39, 99.39, 99.39, 99.39, 99.39, 99.39, 99.39, 99.39, 99.39, 99.39, 99.39, 99.39, 99.39, 99.39, 99.39, 99.39, 99.39, 99.39, 99.39, 99.39, 99.39, 99.39, 99.39, 99.39, 99.39, 99.39, 99.39, 99.39, 99.39, 99.39, 99.39, 99.39, 99.39, 99.39, 99.39, 99.39, 99.39, 99.39, 99.39, 99.39, 99.39, 99.39, 99.39, 99.39, 99.39, 99.39, 99.39, 99.39, 99.39, 99.39, 99.39, 99.39, 99.39, 99.39, 99.39, 99.39, 99.39, 99.39, 99.39, 99.39, 99.39, 99.39, 99.39, 99.39, 99.39, 99.39, 99.39, 99.39, 99.39, 99.39, 99.39, 99.39, 99.39, 99.39, 99.39, 99.39, 99.39, 99.39, 99.39, 99.39, 99.39, 99.39, 99.39, 99.39, 99.39, 99.39, 99.39, 99.39, 99.39, 99.39, 99.39, 99.39, 99.39, 99.39, 99.39, 99.39, 99.39, 99.39, 99.39, 99.39, 99.39, 99.39, 99.39, 99.39, 99.39, 99.39, 99.4, 99.4, 99.4, 99.4, 99.4, 99.4, 99.4, 99.4, 99.4, 99.4, 99.4, 99.4, 99.4, 99.4, 99.4, 99.4, 99.4, 99.4, 99.4, 99.4, 99.4, 99.4, 99.4, 99.39, 99.39, 99.39, 99.39, 99.39, 99.39, 99.39, 99.39, 99.39, 99.39, 99.39, 99.39, 99.39, 99.39, 99.39, 99.39, 99.39, 99.39, 99.39, 99.39, 99.39, 99.39, 99.39, 99.39, 99.39, 99.39, 99.39, 99.39, 99.39, 99.39, 99.39, 99.39, 99.39, 99.39, 99.39, 99.39, 99.39, 99.39],