{"epoch": [1, 2, 3, 4, 5, 6, 7, 8, 9, 10, 11, 12, 13, 14, 15, 16, 17, 18, 19, 20, 21, 22, 23, 24, 25, 26, 27, 28, 29, 30, 31, 32, 33, 34, 35, 36, 37, 38, 39, 40, 41, 42, 43, 44, 45, 46, 47, 48, 49, 50, 51, 52, 53, 54, 55, 56, 57, 58, 59, 60, 61, 62, 63, 64, 65, 66, 67, 68, 69, 70, 71, 72, 73, 74, 75, 76, 77, 78, 79, 80, 81, 82, 83, 84, 85, 86, 87, 88, 89, 90, 91, 92, 93, 94, 95, 96, 97, 98, 99, 100, 101, 102, 103, 104, 105, 106, 107, 108, 109, 110, 111, 112, 113, 114, 115, 116, 117, 118, 119, 120, 121, 122, 123, 124, 125, 126, 127, 128, 129, 130, 131, 132, 133, 134, 135, 136, 137, 138, 139, 140, 141, 142, 143, 144, 145, 146, 147, 148, 149, 150, 151, 152, 153, 154, 155, 156, 157, 158, 159, 160, 161, 162, 163, 164, 165, 166, 167, 168, 169, 170, 171, 172, 173, 174, 175, 176, 177, 178, 179, 180, 181, 182, 183, 184, 185, 186, 187, 188, 189, 190, 191, 192, 193, 194, 195, 196, 197, 198, 199, 200, 201, 202, 203, 204, 205, 206, 207, 208, 209, 210, 211, 212, 213, 214, 215, 216, 217, 218, 219, 220, 221, 222, 223, 224, 225, 226, 227, 228, 229, 230, 231, 232, 233, 234, 235, 236, 237, 238, 239, 240, 241, 242, 243, 244, 245, 246, 247, 248, 249, 250, 251, 252, 253, 254, 255, 256, 257, 258, 259, 260, 261, 262, 263, 264, 265, 266, 267, 268, 269, 270, 271, 272, 273, 274, 275, 276, 277, 278, 279, 280, 281, 282, 283, 284, 285, 286, 287, 288, 289, 290, 291, 292, 293, 294, 295, 296, 297, 298, 299, 300], "train_accuracy": [79.33166666666666, 88.61166666666666, 90.61333333333333, 91.925, 92.59666666666666, 93.37333333333333, 94.19666666666667, 94.64166666666667, 95.21333333333334, 95.905, 96.275, 96.73833333333333, 96.96833333333333, 97.61833333333334, 97.68833333333333, 97.93333333333334, 98.11333333333333, 98.18833333333333, 98.63166666666666, 98.53333333333333, 98.59, 98.775, 98.9, 98.83333333333333, 99.02333333333333, 99.0, 99.04333333333334, 98.98, 99.13666666666667, 99.23166666666667, 99.235, 99.205, 99.215, 99.185, 99.24333333333334, 99.33833333333334, 99.185, 99.18, 99.37333333333333, 99.335, 99.435, 99.27833333333334, 99.325, 99.365, 99.41666666666667, 99.42166666666667, 99.23, 99.25, 99.34333333333333, 99.49166666666666, 99.42666666666666, 99.375, 99.49666666666667, 99.55333333333333, 99.26, 99.45, 99.42, 99.53, 99.39, 99.57166666666667, 99.48333333333333, 99.42, 99.475, 99.56166666666667, 99.38, 99.63333333333334, 99.53, 99.55666666666667, 99.55833333333334, 99.43166666666667, 99.28666666666666, 99.58833333333334, 99.56166666666667, 99.84, 99.225, 99.57666666666667, 99.46333333333334, 99.625, 99.56166666666667, 99.54666666666667, 99.515, 99.68333333333334, 99.54833333333333, 99.59, 99.35666666666667, 99.66333333333333, 99.645, 99.56, 99.58166666666666, 99.495, 99.53833333333333, 99.73833333333333, 99.80166666666666, 99.67166666666667, 99.44666666666667, 99.63166666666666, 99.72166666666666, 99.36, 99.47666666666667, 99.57166666666667, 99.59333333333333, 99.48666666666666, 99.73166666666667, 99.80166666666666, 99.515, 99.47166666666666, 99.61, 99.605, 99.65333333333334, 99.70666666666666, 99.52166666666666, 99.61, 99.815, 99.73, 99.085, 99.40333333333334, 99.65833333333333, 99.82333333333334, 99.9, 99.74333333333334, 99.54333333333334, 99.365, 99.58833333333334, 99.805, 99.59333333333333, 99.3, 99.79166666666667, 99.66833333333334, 99.58333333333333, 99.84333333333333, 99.83333333333333, 99.44833333333334, 99.42, 99.65, 99.62833333333333, 99.74333333333334, 99.81, 99.84166666666667, 99.245, 99.68333333333334, 99.85333333333334, 99.79166666666667, 99.66833333333334, 99.66666666666667, 99.435, 99.55166666666666, 99.73, 99.74833333333333, 99.64, 99.73666666666666, 99.69333333333333, 99.74333333333334, 99.53666666666666, 99.795, 99.695, 99.62, 99.635, 99.60833333333333, 99.635, 99.63, 99.24166666666666, 99.66666666666667, 99.78833333333333, 99.83833333333334, 99.77333333333333, 99.78333333333333, 99.69833333333334, 99.71666666666667, 99.74666666666667, 99.82833333333333, 99.62833333333333, 99.81666666666666, 99.73, 99.34833333333333, 99.69833333333334, 99.65666666666667, 99.575, 99.715, 99.775, 99.685, 99.665, 99.64333333333333, 99.56833333333333, 99.21166666666667, 99.75, 99.85166666666667, 99.875, 99.80166666666666, 99.58, 99.59666666666666, 99.48, 99.78, 99.675, 99.75833333333334, 99.77833333333334, 99.895, 99.32, 99.5, 99.66666666666667, 99.555, 99.725, 99.89833333333333, 99.94833333333334, 99.46, 99.25666666666666, 99.50666666666666, 99.67, 99.655, 99.75, 99.88166666666666, 99.69333333333333, 99.57666666666667, 99.53833333333333, 99.375, 99.35666666666667, 99.695, 99.79666666666667, 99.74, 99.755, 99.73666666666666, 99.40666666666667, 99.23333333333333, 99.55333333333333, 99.83166666666666, 99.93166666666667, 99.89833333333333, 99.56833333333333, 99.49, 99.10666666666667, 99.53333333333333, 99.85666666666667, 99.32166666666667, 99.46, 99.75166666666667, 99.59666666666666, 99.765, 99.635, 99.785, 99.86833333333334, 99.495, 99.615, 99.55666666666667, 99.8, 99.73, 99.84833333333333, 99.85333333333334, 99.83166666666666, 99.30833333333334, 98.87333333333333, 99.495, 99.67, 99.79, 99.78833333333333, 99.90666666666667, 99.76, 99.61333333333333, 98.71833333333333, 98.935, 99.625, 99.54666666666667, 99.805, 99.42333333333333, 99.84666666666666, 99.14333333333333, 99.63666666666667, 99.73833333333333, 99.79333333333334, 99.69833333333334, 99.41333333333333, 99.46, 99.43333333333334, 99.84166666666667, 99.66333333333333, 99.465, 99.73333333333333, 99.88666666666667, 99.835, 98.26333333333334, 99.61833333333334, 99.48333333333333, 99.7, 99.89166666666667, 99.88833333333334, 99.63, 98.70833333333333, 98.92, 99.68166666666667, 99.84166666666667, 99.32833333333333, 99.285, 99.05333333333333, 99.28666666666666, 99.60666666666667, 99.47833333333334, 98.96666666666667, 99.06833333333333, 99.72833333333334, 99.64666666666666, 99.67, 99.76166666666667], "test_accuracy": [85.19, 89.09, 89.97, 91.32, 90.82, 91.78, 91.39, 92.24, 91.97, 92.2, 92.0, 92.02, 92.39, 91.8, 91.86, 92.12, 92.19, 91.86, 91.96, 91.85, 92.11, 92.06, 92.08, 91.89, 92.09, 92.13, 92.33, 91.88, 91.93, 91.8, 92.2, 91.94, 91.33, 91.78, 92.46, 92.04, 91.03, 91.73, 92.19, 92.29, 92.15, 91.65, 92.53, 92.4, 92.28, 92.06, 92.16, 92.1, 91.99, 91.99, 91.99, 91.99, 92.06, 91.67, 91.98, 92.21, 92.19, 92.36, 91.97, 92.15, 91.35, 92.22, 92.24, 92.36, 92.18, 92.31, 91.94, 92.11, 92.48, 91.79, 92.29, 92.18, 92.23, 92.44, 92.28, 92.27, 92.18, 92.04, 92.03, 91.67, 92.1, 91.9, 92.19, 92.19, 92.33, 92.0, 92.17, 92.05, 91.84, 92.27, 92.37, 92.08, 92.59, 91.94, 91.88, 92.63, 91.72, 92.29, 92.24, 92.36, 91.77, 92.17, 92.66, 92.35, 92.42, 92.36, 91.85, 92.14, 92.32, 92.41, 91.86, 92.42, 92.63, 92.34, 92.32, 91.86, 92.18, 92.61, 92.43, 92.22, 92.26, 92.07, 92.58, 92.58, 92.13, 92.51, 92.52, 92.62, 92.46, 92.7, 91.85, 91.9, 92.45, 92.09, 92.17, 92.58, 92.58, 92.24, 92.08, 92.35, 92.46, 92.05, 92.35, 92.27, 91.08, 92.87, 92.23, 91.91, 91.94, 92.12, 92.25, 92.31, 92.42, 92.59, 92.48, 92.21, 92.26, 91.66, 92.28, 92.32, 92.27, 92.55, 92.69, 92.51, 92.32, 92.21, 92.26, 92.41, 92.61, 92.23, 92.4, 92.58, 92.32, 92.24, 92.54, 91.99, 92.18, 92.26, 92.47, 91.63, 92.45, 92.33, 91.68, 92.27, 92.27, 92.34, 92.61, 91.98, 92.53, 91.77, 92.4, 92.47, 92.38, 92.25, 92.44, 92.41, 91.59, 92.1, 92.31, 91.93, 92.46, 92.44, 92.64, 91.28, 92.08, 92.27, 92.0, 92.3, 92.21, 92.26, 92.31, 91.85, 92.51, 91.8, 92.19, 92.46, 92.12, 92.0, 91.96, 92.25, 91.77, 91.8, 92.45, 92.45, 92.59, 92.52, 92.0, 91.98, 91.74, 92.3, 92.39, 92.5, 92.47, 92.39, 92.07, 92.27, 92.05, 92.22, 92.14, 91.33, 92.43, 92.15, 92.28, 92.3, 92.53, 92.29, 92.06, 91.11, 91.17, 92.05, 92.4, 92.19, 92.25, 92.62, 92.3, 91.03, 91.9, 92.37, 91.95, 92.04, 91.99, 92.55, 92.57, 92.25, 91.25, 92.3, 91.57, 91.95, 92.4, 92.36, 92.08, 92.27, 91.93, 92.0, 92.09, 92.54, 91.81, 92.45, 92.05, 92.51, 92.71, 92.67, 92.83, 90.98, 91.59, 91.79, 91.88, 91.7, 91.98, 92.0, 91.85, 91.7, 91.55, 91.3, 90.92, 91.71, 92.28, 91.76, 91.94, 91.66],