{"epoch": [1, 2, 3, 4, 5, 6, 7, 8, 9, 10, 11, 12, 13, 14, 15, 16, 17, 18, 19, 20, 21, 22, 23, 24, 25, 26, 27, 28, 29, 30, 31, 32, 33, 34, 35, 36, 37, 38, 39, 40, 41, 42, 43, 44, 45, 46, 47, 48, 49, 50, 51, 52, 53, 54, 55, 56, 57, 58, 59, 60, 61, 62, 63, 64, 65, 66, 67, 68, 69, 70, 71, 72, 73, 74, 75, 76, 77, 78, 79, 80, 81, 82, 83, 84, 85, 86, 87, 88, 89, 90, 91, 92, 93, 94, 95, 96, 97, 98, 99, 100, 101, 102, 103, 104, 105, 106, 107, 108, 109, 110, 111, 112, 113, 114, 115, 116, 117, 118, 119, 120, 121, 122, 123, 124, 125, 126, 127, 128, 129, 130, 131, 132, 133, 134, 135, 136, 137, 138, 139, 140, 141, 142, 143, 144, 145, 146, 147, 148, 149, 150, 151, 152, 153, 154, 155, 156, 157, 158, 159, 160, 161, 162, 163, 164, 165, 166, 167, 168, 169, 170, 171, 172, 173, 174, 175, 176, 177, 178, 179, 180, 181, 182, 183, 184, 185, 186, 187, 188, 189, 190, 191, 192, 193, 194, 195, 196, 197, 198, 199, 200, 201, 202, 203, 204, 205, 206, 207, 208, 209, 210, 211, 212, 213, 214, 215, 216, 217, 218, 219, 220, 221, 222, 223, 224, 225, 226, 227, 228, 229, 230, 231, 232, 233, 234, 235, 236, 237, 238, 239, 240, 241, 242, 243, 244, 245, 246, 247, 248, 249, 250, 251, 252, 253, 254, 255, 256, 257, 258, 259, 260, 261, 262, 263, 264, 265, 266, 267, 268, 269, 270, 271, 272, 273, 274, 275, 276, 277, 278, 279, 280, 281, 282, 283, 284, 285, 286, 287, 288, 289, 290, 291, 292, 293, 294, 295, 296, 297, 298, 299, 300], "train_accuracy": [46.63333333333333, 74.02, 80.18, 83.21166666666667, 85.28166666666667, 86.635, 87.92833333333333, 88.41333333333333, 88.83, 89.57333333333334, 89.82166666666667, 90.51333333333334, 90.76, 90.88166666666666, 91.61166666666666, 91.85666666666667, 92.145, 92.66, 92.93333333333334, 93.35166666666667, 93.56333333333333, 93.69833333333334, 93.48166666666667, 94.19333333333333, 94.50833333333334, 94.655, 94.66833333333334, 94.895, 95.31333333333333, 95.76333333333334, 96.05333333333333, 96.105, 96.25166666666667, 96.235, 96.54166666666667, 96.78, 97.08333333333333, 97.505, 97.64, 97.68833333333333, 98.125, 97.425, 97.91333333333333, 98.34166666666667, 98.47333333333333, 98.835, 98.32166666666667, 98.27, 98.48833333333333, 98.49666666666667, 98.62833333333333, 99.05, 99.22666666666667, 99.08, 99.33, 99.325, 99.14166666666667, 99.17666666666666, 98.725, 99.085, 99.41666666666667, 99.55666666666667, 99.67, 99.71, 99.74833333333333, 99.645, 99.34166666666667, 99.19333333333333, 99.015, 98.63166666666666, 99.43, 99.635, 99.65333333333334, 99.65166666666667, 99.25, 99.46833333333333, 99.745, 99.56333333333333, 99.64333333333333, 99.74333333333334, 99.75333333333333, 99.58666666666667, 99.60166666666667, 99.235, 99.42333333333333, 99.745, 99.675, 99.705, 99.73833333333333, 99.59333333333333, 99.53333333333333, 99.61333333333333, 99.535, 99.71666666666667, 99.71666666666667, 99.76666666666667, 99.89166666666667, 99.90333333333334, 99.91, 99.87166666666667, 99.58166666666666, 99.33833333333334, 99.58333333333333, 99.70166666666667, 99.625, 99.65833333333333, 99.63, 99.56, 99.59833333333333, 99.81166666666667, 99.86833333333334, 99.88, 99.60166666666667, 99.55166666666666, 99.755, 99.80166666666666, 99.78166666666667, 99.61, 99.56666666666666, 99.70666666666666, 99.66, 99.71833333333333, 99.78, 99.695, 99.53833333333333, 99.695, 99.79166666666667, 99.81333333333333, 99.83833333333334, 99.74333333333334, 99.78833333333333, 99.73833333333333, 99.60333333333334, 99.75166666666667, 99.755, 99.82666666666667, 99.755, 99.65333333333334, 99.71833333333333, 99.74666666666667, 99.89166666666667, 99.80166666666666, 99.66166666666666, 99.74666666666667, 99.82833333333333, 99.88, 99.86666666666666, 99.82, 99.685, 99.765, 99.705, 99.83666666666667, 99.79666666666667, 99.81666666666666, 99.64, 99.72333333333333, 99.87166666666667, 99.89666666666666, 99.88666666666667, 99.845, 99.68333333333334, 99.74, 99.62333333333333, 99.64833333333333, 99.83666666666667, 99.82333333333334, 99.89166666666667, 99.83666666666667, 99.4, 99.77, 99.745, 99.84, 99.91, 99.975, 99.995, 99.99333333333334, 100.0, 99.99833333333333, 100.0, 100.0, 100.0, 100.0, 100.0, 100.0, 100.0, 100.0, 100.0, 100.0, 100.0, 100.0, 100.0, 100.0, 100.0, 100.0, 100.0, 100.0, 100.0, 100.0, 100.0, 100.0, 100.0, 100.0, 100.0, 100.0, 100.0, 100.0, 100.0, 100.0, 100.0, 100.0, 100.0, 100.0, 100.0, 100.0, 100.0, 100.0, 100.0, 100.0, 100.0, 100.0, 100.0, 100.0, 100.0, 100.0, 100.0, 100.0, 100.0, 100.0, 100.0, 100.0, 100.0, 100.0, 100.0, 100.0, 100.0, 100.0, 100.0, 100.0, 100.0, 100.0, 100.0, 100.0, 100.0, 100.0, 100.0, 100.0, 100.0, 100.0, 100.0, 100.0, 100.0, 100.0, 100.0, 100.0, 100.0, 100.0, 100.0, 100.0, 100.0, 100.0, 100.0, 100.0, 100.0, 100.0, 100.0, 100.0, 100.0, 100.0, 100.0, 100.0, 100.0, 100.0, 100.0, 100.0, 100.0, 100.0, 100.0, 100.0, 100.0, 100.0, 100.0, 100.0, 100.0, 100.0, 100.0, 100.0, 100.0, 100.0, 100.0, 100.0, 100.0, 100.0, 100.0, 100.0, 100.0, 100.0, 100.0, 100.0, 100.0, 100.0], "test_accuracy": [67.98, 78.05, 81.01, 83.57, 84.52, 86.02, 85.81, 85.91, 88.57, 88.1, 89.23, 89.53, 88.22, 89.69, 88.92, 90.32, 89.85, 90.65, 90.65, 90.6, 90.77, 90.59, 90.59, 90.63, 90.63, 91.4, 90.36, 91.48, 90.6, 90.71, 91.38, 91.5, 91.43, 90.21, 91.34, 91.27, 91.04, 91.02, 91.08, 90.81, 90.6, 89.7, 91.01, 91.12, 91.44, 90.87, 91.03, 90.89, 90.93, 91.17, 91.1, 91.11, 91.28, 91.38, 91.18, 90.82, 90.6, 90.82, 91.06, 91.39, 91.03, 91.48, 91.51, 91.41, 91.36, 90.99, 90.74, 91.34, 90.62, 91.13, 91.23, 91.44, 91.25, 91.27, 91.3, 91.58, 91.02, 91.22, 91.19, 91.19, 91.19, 91.16, 91.58, 91.11, 90.93, 91.4, 91.33, 90.9, 91.39, 91.15, 91.31, 90.77, 91.14, 91.28, 91.29, 91.31, 91.42, 91.47, 91.24, 91.64, 91.11, 90.84, 91.53, 91.48, 91.33, 90.98, 91.41, 91.44, 91.27, 91.5, 91.75, 91.77, 91.24, 91.36, 91.33, 91.3, 91.41, 91.12, 91.48, 91.57, 90.94, 91.16, 91.64, 90.8, 91.23, 91.68, 91.49, 91.52, 91.11, 91.16, 91.35, 91.26, 91.38, 91.54, 91.12, 91.29, 91.12, 91.13, 91.41, 91.55, 91.81, 91.23, 91.47, 91.49, 91.35, 91.43, 91.33, 91.51, 91.25, 91.57, 91.39, 91.23, 91.36, 91.04, 91.23, 91.65, 91.36, 91.48, 91.51, 91.36, 91.48, 91.02, 91.34, 91.61, 91.44, 91.44, 91.74, 91.22, 91.44, 91.53, 91.12, 91.43, 91.48, 91.92, 91.85, 91.62, 91.89, 91.84, 91.94, 91.98, 92.01, 91.96, 91.95, 91.95, 91.95, 91.94, 91.94, 91.92, 91.92, 91.91, 91.92, 91.92, 91.91, 91.91, 91.92, 91.92, 91.92, 91.91, 91.91, 91.91, 91.92, 91.91, 91.91, 91.91, 91.93, 91.93, 91.93, 91.93, 91.93, 91.93, 91.93, 91.94, 91.93, 91.92, 91.92, 91.91, 91.92, 91.91, 91.9, 91.91, 91.91, 91.91, 91.9, 91.91, 91.91, 91.91, 91.91, 91.92, 91.9, 91.89, 91.89, 91.89, 91.89, 91.88, 91.88, 91.87, 91.86, 91.86, 91.86, 91.86, 91.87, 91.87, 91.88, 91.88, 91.88, 91.89, 91.89, 91.89, 91.89, 91.89, 91.89, 91.88, 91.88, 91.88, 91.88, 91.88, 91.89, 91.9, 91.91, 91.91, 91.91, 91.91, 91.93, 91.93, 91.93, 91.93, 91.94, 91.94, 91.95, 91.94, 91.94, 91.94, 91.94, 91.94, 91.93, 91.94, 91.94, 91.94, 91.94, 91.94, 91.94, 91.95, 91.95, 91.95, 91.95, 91.94, 91.94, 91.94, 91.94, 91.94, 91.94, 91.93, 91.94, 91.93, 91.93, 91.93, 91.93, 91.93, 91.93, 91.93],