{"epoch": [1, 2, 3, 4, 5, 6, 7, 8, 9, 10, 11, 12, 13, 14, 15, 16, 17, 18, 19, 20, 21, 22, 23, 24, 25, 26, 27, 28, 29, 30, 31, 32, 33, 34, 35, 36, 37, 38, 39, 40, 41, 42, 43, 44, 45, 46, 47, 48, 49, 50, 51, 52, 53, 54, 55, 56, 57, 58, 59, 60, 61, 62, 63, 64, 65, 66, 67, 68, 69, 70, 71, 72, 73, 74, 75, 76, 77, 78, 79, 80, 81, 82, 83, 84, 85, 86, 87, 88, 89, 90, 91, 92, 93, 94, 95, 96, 97, 98, 99, 100, 101, 102, 103, 104, 105, 106, 107, 108, 109, 110, 111, 112, 113, 114, 115, 116, 117, 118, 119, 120, 121, 122, 123, 124, 125, 126, 127, 128, 129, 130, 131, 132, 133, 134, 135, 136, 137, 138, 139, 140, 141, 142, 143, 144, 145, 146, 147, 148, 149, 150, 151, 152, 153, 154, 155, 156, 157, 158, 159, 160, 161, 162, 163, 164, 165, 166, 167, 168, 169, 170, 171, 172, 173, 174, 175, 176, 177, 178, 179, 180, 181, 182, 183, 184, 185, 186, 187, 188, 189, 190, 191, 192, 193, 194, 195, 196, 197, 198, 199, 200, 201, 202, 203, 204, 205, 206, 207, 208, 209, 210, 211, 212, 213, 214, 215, 216, 217, 218, 219, 220, 221, 222, 223, 224, 225, 226, 227, 228, 229, 230, 231, 232, 233, 234, 235, 236, 237, 238, 239, 240, 241, 242, 243, 244, 245, 246, 247, 248, 249, 250, 251, 252, 253, 254, 255, 256, 257, 258, 259, 260, 261, 262, 263, 264, 265, 266, 267, 268, 269, 270, 271, 272, 273, 274, 275, 276, 277, 278, 279, 280, 281, 282, 283, 284, 285, 286, 287, 288, 289, 290, 291, 292, 293, 294, 295, 296, 297, 298, 299, 300], "train_accuracy": [88.79833333333333, 98.15833333333333, 98.60666666666667, 98.83166666666666, 99.05666666666667, 99.19166666666666, 99.28666666666666, 99.35166666666667, 99.31, 99.41666666666667, 99.50666666666666, 99.45, 99.53, 99.56833333333333, 99.58, 99.52166666666666, 99.58, 99.62833333333333, 99.66166666666666, 99.66, 99.71166666666667, 99.71833333333333, 99.685, 99.73166666666667, 99.74166666666666, 99.68333333333334, 99.76, 99.76333333333334, 99.69166666666666, 99.795, 99.79166666666667, 99.755, 99.79166666666667, 99.79333333333334, 99.825, 99.82166666666667, 99.76833333333333, 99.81333333333333, 99.74833333333333, 99.76166666666667, 99.84833333333333, 99.82, 99.77, 99.85, 99.78, 99.8, 99.815, 99.89833333333333, 99.82333333333334, 99.85166666666667, 99.86, 99.755, 99.80666666666667, 99.82333333333334, 99.875, 99.83833333333334, 99.85833333333333, 99.85333333333334, 99.85333333333334, 99.84166666666667, 99.89666666666666, 99.83666666666667, 99.805, 99.86, 99.88, 99.82333333333334, 99.87833333333333, 99.83833333333334, 99.86166666666666, 99.855, 99.895, 99.81166666666667, 99.875, 99.91, 99.86833333333334, 99.86166666666666, 99.85833333333333, 99.855, 99.89166666666667, 99.84666666666666, 99.86333333333333, 99.835, 99.94, 99.86166666666666, 99.84666666666666, 99.90166666666667, 99.875, 99.83, 99.925, 99.84666666666666, 99.94166666666666, 99.86166666666666, 99.84833333333333, 99.87, 99.86166666666666, 99.905, 99.92833333333333, 99.83166666666666, 99.87666666666667, 99.87666666666667, 99.865, 99.95166666666667, 99.89666666666666, 99.87333333333333, 99.87833333333333, 99.86333333333333, 99.87666666666667, 99.88666666666667, 99.92, 99.93333333333334, 99.84, 99.82, 99.875, 99.88833333333334, 99.89833333333333, 99.96, 99.91666666666667, 99.84333333333333, 99.85333333333334, 99.89666666666666, 99.94333333333333, 99.90666666666667, 99.84, 99.84, 99.93833333333333, 99.88833333333334, 99.95166666666667, 99.885, 99.855, 99.93666666666667, 99.88, 99.95, 99.91833333333334, 99.85833333333333, 99.86166666666666, 99.985, 99.875, 99.87, 99.98666666666666, 99.86333333333333, 99.83, 99.90666666666667, 99.92333333333333, 99.905, 99.86, 99.89666666666666, 99.90666666666667, 99.83833333333334, 99.95333333333333, 99.91166666666666, 99.905, 99.89833333333333, 99.92833333333333, 99.93166666666667, 99.91166666666666, 99.89333333333333, 99.845, 99.87166666666667, 99.90833333333333, 99.925, 99.86166666666666, 99.95666666666666, 99.95666666666666, 99.84, 99.89666666666666, 99.895, 99.95666666666666, 99.925, 99.88666666666667, 99.88833333333334, 99.92, 99.91166666666666, 99.86, 99.885, 99.935, 99.92833333333333, 99.90833333333333, 99.87166666666667, 99.91166666666666, 99.93, 99.90166666666667, 99.85666666666667, 99.92833333333333, 99.955, 99.86666666666666, 99.93666666666667, 99.905, 99.94, 99.85166666666667, 99.93833333333333, 99.91333333333333, 99.87333333333333, 99.89166666666667, 99.93166666666667, 99.94833333333334, 99.89666666666666, 99.92333333333333, 99.885, 99.905, 99.90166666666667, 99.92666666666666, 99.97666666666667, 99.89, 99.89833333333333, 99.93166666666667, 99.83833333333334, 99.92333333333333, 99.96666666666667, 99.90166666666667, 99.875, 99.905, 99.95333333333333, 99.925, 99.86, 99.865, 99.94666666666667, 99.91166666666666, 99.935, 99.93166666666667, 99.90333333333334, 99.94166666666666, 99.93333333333334, 99.87333333333333, 99.94, 99.88, 99.94333333333333, 99.86333333333333, 99.91666666666667, 99.90666666666667, 99.92833333333333, 99.945, 99.945, 99.91833333333334, 99.87, 99.95666666666666, 99.90166666666667, 99.88833333333334, 99.93, 99.915, 99.94666666666667, 99.88666666666667, 99.88833333333334, 99.96166666666667, 99.92166666666667, 99.88166666666666, 99.90166666666667, 99.93, 99.935, 99.91166666666666, 99.94166666666666, 99.915, 99.90666666666667, 99.89833333333333, 99.96, 100.0, 100.0, 100.0, 99.68833333333333, 99.90166666666667, 99.92166666666667, 99.945, 99.84666666666666, 99.94833333333334, 99.91333333333333, 99.93166666666667, 99.9, 99.89833333333333, 99.97166666666666, 99.95166666666667, 99.87666666666667, 99.91166666666666, 99.92666666666666, 99.89, 99.96, 99.95833333333333, 99.92666666666666, 99.89666666666666, 99.925, 99.90666666666667, 99.91833333333334, 99.92, 99.935, 99.955, 99.895, 99.88833333333334, 99.94333333333333, 99.96666666666667, 99.88666666666667, 99.86166666666666, 99.94666666666667, 99.94833333333334, 99.91666666666667, 99.89666666666666, 99.92, 99.97333333333333, 99.91333333333333, 99.89333333333333, 99.89833333333333, 99.93666666666667, 99.9],