{"epoch": [1, 2, 3, 4, 5, 6, 7, 8, 9, 10, 11, 12, 13, 14, 15, 16, 17, 18, 19, 20, 21, 22, 23, 24, 25, 26, 27, 28, 29, 30, 31, 32, 33, 34, 35, 36, 37, 38, 39, 40, 41, 42, 43, 44, 45, 46, 47, 48, 49, 50, 51, 52, 53, 54, 55, 56, 57, 58, 59, 60, 61, 62, 63, 64, 65, 66, 67, 68, 69, 70, 71, 72, 73, 74, 75, 76, 77, 78, 79, 80, 81, 82, 83, 84, 85, 86, 87, 88, 89, 90, 91, 92, 93, 94, 95, 96, 97, 98, 99, 100, 101, 102, 103, 104, 105, 106, 107, 108, 109, 110, 111, 112, 113, 114, 115, 116, 117, 118, 119, 120, 121, 122, 123, 124, 125, 126, 127, 128, 129, 130, 131, 132, 133, 134, 135, 136, 137, 138, 139, 140, 141, 142, 143, 144, 145, 146, 147, 148, 149, 150, 151, 152, 153, 154, 155, 156, 157, 158, 159, 160, 161, 162, 163, 164, 165, 166, 167, 168, 169, 170, 171, 172, 173, 174, 175, 176, 177, 178, 179, 180, 181, 182, 183, 184, 185, 186, 187, 188, 189, 190, 191, 192, 193, 194, 195, 196, 197, 198, 199, 200, 201, 202, 203, 204, 205, 206, 207, 208, 209, 210, 211, 212, 213, 214, 215, 216, 217, 218, 219, 220, 221, 222, 223, 224, 225, 226, 227, 228, 229, 230, 231, 232, 233, 234, 235, 236, 237, 238, 239, 240, 241, 242, 243, 244, 245, 246, 247, 248, 249, 250, 251, 252, 253, 254, 255, 256, 257, 258, 259, 260, 261, 262, 263, 264, 265, 266, 267, 268, 269, 270, 271, 272, 273, 274, 275, 276, 277, 278, 279, 280, 281, 282, 283, 284, 285, 286, 287, 288, 289, 290, 291, 292, 293, 294, 295, 296, 297, 298, 299, 300], "train_accuracy": [90.92166666666667, 98.29666666666667, 98.75333333333333, 99.00833333333334, 99.16333333333333, 99.195, 99.30666666666667, 99.29666666666667, 99.40333333333334, 99.41, 99.48666666666666, 99.53833333333333, 99.52666666666667, 99.55333333333333, 99.53666666666666, 99.65333333333334, 99.6, 99.57833333333333, 99.625, 99.71166666666667, 99.67333333333333, 99.74833333333333, 99.67, 99.71, 99.645, 99.78, 99.69666666666667, 99.73833333333333, 99.77, 99.8, 99.77, 99.74666666666667, 99.79166666666667, 99.75833333333334, 99.82833333333333, 99.775, 99.79833333333333, 99.81333333333333, 99.81333333333333, 99.775, 99.75, 99.85166666666667, 99.81, 99.865, 99.80333333333333, 99.835, 99.81666666666666, 99.87, 99.82, 99.84666666666666, 99.79833333333333, 99.86333333333333, 99.815, 99.83333333333333, 99.83166666666666, 99.855, 99.90166666666667, 99.81333333333333, 99.84, 99.85333333333334, 99.85, 99.875, 99.81333333333333, 99.88666666666667, 99.84666666666666, 99.81666666666666, 99.915, 99.805, 99.855, 99.85166666666667, 99.87833333333333, 99.88166666666666, 99.84666666666666, 99.84333333333333, 99.89333333333333, 99.87166666666667, 99.86666666666666, 99.84, 99.85666666666667, 99.90833333333333, 99.81666666666666, 99.87, 99.89, 99.90166666666667, 99.88333333333334, 99.875, 99.86666666666666, 99.88666666666667, 99.87333333333333, 99.865, 99.89, 99.89166666666667, 99.86166666666666, 99.93, 99.86166666666666, 99.84166666666667, 99.87, 99.935, 99.88, 99.89, 99.965, 99.83833333333334, 99.86333333333333, 99.88833333333334, 99.85333333333334, 99.91666666666667, 99.92833333333333, 99.88666666666667, 99.895, 99.81666666666666, 99.90833333333333, 99.87833333333333, 99.88333333333334, 99.94166666666666, 99.835, 99.87833333333333, 99.87166666666667, 99.94166666666666, 99.92666666666666, 99.84666666666666, 99.86166666666666, 99.88, 99.88, 99.92, 99.86833333333334, 99.87833333333333, 99.83166666666666, 99.95333333333333, 99.88333333333334, 99.89333333333333, 99.90166666666667, 99.84166666666667, 99.885, 99.93166666666667, 99.84666666666666, 99.91833333333334, 99.9, 99.91166666666666, 99.87333333333333, 99.90833333333333, 99.85666666666667, 99.895, 99.94, 99.93, 99.89166666666667, 99.915, 99.89, 99.875, 99.83166666666666, 99.94166666666666, 99.9, 99.88166666666666, 99.90166666666667, 99.88166666666666, 99.84833333333333, 99.91, 99.94333333333333, 99.93166666666667, 99.84833333333333, 99.89666666666666, 99.93166666666667, 99.995, 99.82, 99.91, 99.90833333333333, 99.89, 99.89166666666667, 99.935, 99.92333333333333, 99.81833333333333, 99.88, 99.925, 99.91666666666667, 99.91333333333333, 99.90166666666667, 99.86666666666666, 99.91333333333333, 99.96833333333333, 99.84666666666666, 99.87166666666667, 99.94333333333333, 99.92666666666666, 99.90166666666667, 99.85333333333334, 99.91666666666667, 99.905, 99.90166666666667, 99.91166666666666, 99.89333333333333, 99.95333333333333, 99.92666666666666, 99.88166666666666, 99.87, 99.90166666666667, 99.92333333333333, 99.875, 99.92333333333333, 99.86833333333334, 99.93, 99.89833333333333, 99.90833333333333, 99.945, 99.87, 99.89, 99.92166666666667, 99.895, 99.95, 99.86333333333333, 99.875, 99.985, 100.0, 100.0, 99.80833333333334, 99.79833333333333, 99.89333333333333, 99.89333333333333, 99.905, 99.89833333333333, 99.87666666666667, 99.90666666666667, 99.9, 99.95833333333333, 99.88333333333334, 99.88166666666666, 99.89166666666667, 99.94833333333334, 99.94, 99.89666666666666, 99.91333333333333, 99.835, 99.905, 99.905, 99.90833333333333, 99.90666666666667, 99.96333333333334, 99.87, 99.87, 99.915, 99.92166666666667, 99.935, 99.87, 99.89166666666667, 99.9, 99.87666666666667, 99.91833333333334, 99.975, 99.92, 99.93, 99.855, 99.88333333333334, 99.96333333333334, 99.94, 99.91666666666667, 99.87666666666667, 99.91666666666667, 99.95166666666667, 99.965, 99.83666666666667, 99.88833333333334, 99.96, 99.92666666666666, 99.935, 99.83166666666666, 99.89333333333333, 99.96333333333334, 99.93, 99.92666666666666, 99.91333333333333, 99.91, 99.88333333333334, 99.9, 99.9, 99.95333333333333, 99.89166666666667, 99.925, 99.965, 99.89, 99.90666666666667, 99.91333333333333, 99.945, 99.86333333333333, 99.92166666666667, 99.98166666666667, 99.95333333333333, 99.835, 99.91333333333333, 99.85166666666667, 99.97, 99.97333333333333, 99.87333333333333, 99.89666666666666, 99.89, 99.88166666666666, 99.98, 99.91833333333334, 99.93333333333334, 99.90833333333333, 99.90666666666667, 99.88333333333334, 99.89833333333333], "test_accuracy": [98.44, 98.81, 98.89, 98.93, 98.47, 99.01, 99.17, 99.24, 98.97, 99.02, 99.04, 99.01, 99.09, 99.34, 99.34, 99.22, 99.09, 99.19, 99.04, 99.25, 99.17, 99.19, 99.14, 99.21, 99.29, 99.1, 99.38, 99.37, 99.15, 99.35, 99.26, 99.28, 99.32, 99.35, 99.27, 99.24, 99.18, 99.24, 99.21, 99.3, 99.22, 99.1, 99.02, 99.34, 99.31, 99.39, 99.35, 99.15, 99.25, 98.96, 99.02, 99.21, 99.17, 99.1, 99.28, 99.26, 99.35, 99.19, 99.22, 99.16, 99.15, 99.27, 99.19, 99.25, 99.31, 99.31, 99.11, 99.42, 99.07, 99.17, 99.12, 99.3, 99.01, 99.25, 99.28, 99.26, 99.27, 99.21, 99.09, 99.17, 99.25, 99.28, 99.27, 99.36, 99.32, 99.33, 99.26, 99.21, 99.39, 99.15, 99.27, 99.19, 99.23, 99.28, 99.14, 98.95, 99.25, 99.06, 99.26, 99.22, 99.19, 99.14, 99.12, 99.2, 99.2, 99.22, 99.2, 99.25, 99.04, 99.23, 99.29, 99.11, 99.27, 99.06, 99.1, 99.19, 99.15, 99.28, 99.11, 99.25, 99.3, 99.21, 99.21, 99.22, 99.22, 99.15, 99.19, 99.36, 99.16, 99.05, 99.25, 99.18, 99.15, 99.34, 99.06, 99.22, 99.02, 99.01, 99.09, 99.27, 99.27, 99.19, 99.27, 99.19, 99.22, 99.09, 99.1, 99.23, 99.27, 99.1, 99.14, 99.13, 99.14, 99.15, 99.18, 99.25, 99.25, 99.18, 99.01, 99.08, 99.26, 99.25, 99.25, 99.25, 99.08, 98.99, 99.25, 99.21, 99.26, 99.06, 99.26, 99.2, 99.16, 99.29, 98.82, 99.16, 99.31, 99.07, 99.15, 99.19, 99.24, 99.23, 99.17, 99.23, 99.27, 99.13, 99.25, 98.9, 99.26, 99.25, 99.2, 99.25, 99.22, 99.18, 99.08, 99.33, 99.13, 99.24, 99.23, 99.16, 99.31, 99.2, 99.24, 99.13, 99.22, 99.11, 99.09, 99.06, 99.3, 99.3, 99.35, 99.37, 99.08, 99.22, 99.23, 99.06, 99.22, 99.26, 99.01, 99.28, 99.34, 99.36, 99.27, 99.21, 99.14, 99.33, 99.23, 99.09, 99.24, 99.3, 99.17, 99.29, 99.29, 99.22, 99.36, 99.19, 99.24, 99.33, 99.22, 99.32, 99.22, 99.17, 99.24, 99.2, 99.2, 99.29, 99.24, 99.0, 99.25, 99.11, 99.31, 99.19, 99.28, 99.11, 99.24, 99.25, 99.02, 99.24, 99.39, 99.25, 99.1, 99.3, 99.15, 99.15, 99.23, 99.2, 99.37, 99.03, 99.21, 99.14, 99.19, 99.24, 99.36, 99.03, 99.17, 99.27, 99.27, 99.17, 99.23, 98.86, 99.3, 99.11, 99.36, 99.06, 99.19, 99.04, 99.23, 99.29, 99.08, 99.31, 99.11, 99.22, 99.29, 99.38, 99.32, 99.22, 99.22, 99.3, 99.27, 98.82],