{"epoch": [1, 2, 3, 4, 5, 6, 7, 8, 9, 10, 11, 12, 13, 14, 15, 16, 17, 18, 19, 20, 21, 22, 23, 24, 25, 26, 27, 28, 29, 30, 31, 32, 33, 34, 35, 36, 37, 38, 39, 40, 41, 42, 43, 44, 45, 46, 47, 48, 49, 50, 51, 52, 53, 54, 55, 56, 57, 58, 59, 60, 61, 62, 63, 64, 65, 66, 67, 68, 69, 70, 71, 72, 73, 74, 75, 76, 77, 78, 79, 80, 81, 82, 83, 84, 85, 86, 87, 88, 89, 90, 91, 92, 93, 94, 95, 96, 97, 98, 99, 100, 101, 102, 103, 104, 105, 106, 107, 108, 109, 110, 111, 112, 113, 114, 115, 116, 117, 118, 119, 120, 121, 122, 123, 124, 125, 126, 127, 128, 129, 130, 131, 132, 133, 134, 135, 136, 137, 138, 139, 140, 141, 142, 143, 144, 145, 146, 147, 148, 149, 150, 151, 152, 153, 154, 155, 156, 157, 158, 159, 160, 161, 162, 163, 164, 165, 166, 167, 168, 169, 170, 171, 172, 173, 174, 175, 176, 177, 178, 179, 180, 181, 182, 183, 184, 185, 186, 187, 188, 189, 190, 191, 192, 193, 194, 195, 196, 197, 198, 199, 200, 201, 202, 203, 204, 205, 206, 207, 208, 209, 210, 211, 212, 213, 214, 215, 216, 217, 218, 219, 220, 221, 222, 223, 224, 225, 226, 227, 228, 229, 230, 231, 232, 233, 234, 235, 236, 237, 238, 239, 240, 241, 242, 243, 244, 245, 246, 247, 248, 249, 250, 251, 252, 253, 254, 255, 256, 257, 258, 259, 260, 261, 262, 263, 264, 265, 266, 267, 268, 269, 270, 271, 272, 273, 274, 275, 276, 277, 278, 279, 280, 281, 282, 283, 284, 285, 286, 287, 288, 289, 290, 291, 292, 293, 294, 295, 296, 297, 298, 299, 300], "train_accuracy": [44.03333333333333, 86.115, 93.805, 96.04333333333334, 97.08666666666667, 97.67833333333333, 97.935, 98.395, 98.46666666666667, 98.76, 98.815, 98.98833333333333, 99.01166666666667, 99.18333333333334, 99.24333333333334, 99.05833333333334, 99.375, 99.43833333333333, 99.44166666666666, 99.41166666666666, 99.47, 99.49333333333334, 99.57666666666667, 99.66, 99.685, 99.595, 99.74666666666667, 99.75833333333334, 99.70833333333333, 99.76333333333334, 99.79333333333334, 99.77333333333333, 99.785, 99.885, 99.85, 99.80666666666667, 99.77833333333334, 99.725, 99.84833333333333, 99.74666666666667, 99.85166666666667, 99.91666666666667, 99.92333333333333, 99.91166666666666, 99.88166666666666, 99.91, 99.88833333333334, 99.80833333333334, 99.68333333333334, 99.8, 99.92833333333333, 99.94833333333334, 99.96, 99.94666666666667, 99.895, 99.73666666666666, 99.80666666666667, 99.88833333333334, 99.905, 99.92333333333333, 99.95666666666666, 99.95833333333333, 99.90833333333333, 99.92166666666667, 99.87666666666667, 99.86833333333334, 99.87166666666667, 99.81333333333333, 99.86166666666666, 99.59666666666666, 99.82166666666667, 99.87833333333333, 97.30166666666666, 99.19666666666667, 99.63, 99.735, 99.86666666666666, 99.885, 99.835, 99.895, 99.94833333333334, 99.935, 99.98333333333333, 99.99166666666666, 99.98833333333333, 99.98, 99.985, 99.99166666666666, 99.99333333333334, 99.99666666666667, 99.99666666666667, 99.99333333333334, 100.0, 99.99833333333333, 99.985, 99.99666666666667, 100.0, 100.0, 100.0, 100.0, 100.0, 100.0, 100.0, 100.0, 100.0, 100.0, 100.0, 100.0, 99.995, 99.86666666666666, 99.155, 99.71833333333333, 99.775, 99.815, 99.74166666666666, 99.88333333333334, 99.93333333333334, 99.93333333333334, 99.97833333333334, 99.99166666666666, 99.99166666666666, 99.98833333333333, 99.98, 99.98833333333333, 99.98166666666667, 99.95666666666666, 99.995, 99.96166666666667, 99.94, 99.94833333333334, 99.89166666666667, 99.85, 99.845, 99.865, 99.79333333333334, 99.91666666666667, 99.96833333333333, 99.97, 99.96, 99.96666666666667, 99.98833333333333, 100.0, 100.0, 100.0, 100.0, 100.0, 100.0, 100.0, 100.0, 100.0, 100.0, 100.0, 99.88833333333334, 99.72166666666666, 99.67, 99.79166666666667, 99.88333333333334, 99.87166666666667, 99.76333333333334, 99.855, 99.77, 99.95166666666667, 99.97333333333333, 99.95166666666667, 99.95, 99.98333333333333, 99.98166666666667, 99.99, 99.99833333333333, 99.99833333333333, 100.0, 100.0, 100.0, 100.0, 100.0, 100.0, 100.0, 100.0, 100.0, 100.0, 100.0, 99.86166666666666, 99.81833333333333, 99.615, 99.76333333333334, 99.83666666666667, 99.90666666666667, 99.91833333333334, 99.92, 99.89166666666667, 99.97666666666667, 99.89833333333333, 99.91666666666667, 99.87666666666667, 99.91666666666667, 99.91333333333333, 99.93, 99.95833333333333, 99.98333333333333, 99.98166666666667, 99.98833333333333, 100.0, 100.0, 100.0, 100.0, 100.0, 100.0, 100.0, 100.0, 100.0, 100.0, 99.99833333333333, 99.97666666666667, 99.89166666666667, 99.68166666666667, 99.78833333333333, 99.9, 99.90833333333333, 99.78333333333333, 99.92333333333333, 99.94666666666667, 99.97166666666666, 99.845, 99.795, 99.895, 99.91166666666666, 99.96, 99.975, 99.97166666666666, 99.99, 99.99333333333334, 100.0, 100.0, 100.0, 100.0, 100.0, 100.0, 100.0, 100.0, 100.0, 100.0, 100.0, 100.0, 100.0, 100.0, 100.0, 100.0, 100.0, 100.0, 99.99833333333333, 99.41, 99.57333333333334, 99.87833333333333, 99.94666666666667, 99.94166666666666, 99.96166666666667, 99.96333333333334, 99.915, 99.98, 99.995, 99.99833333333333, 99.99833333333333, 100.0, 100.0, 100.0, 100.0, 100.0, 100.0, 100.0, 100.0, 100.0, 100.0, 100.0, 100.0, 100.0, 100.0, 100.0, 99.99166666666666, 99.60833333333333, 99.74, 99.80333333333333, 99.88833333333334, 99.91666666666667, 99.785, 99.85166666666667, 99.945, 99.97833333333334, 99.98, 99.98833333333333, 99.99833333333333, 100.0, 100.0, 100.0, 100.0, 100.0, 100.0, 100.0, 100.0, 100.0, 100.0], "test_accuracy": [79.67, 91.47, 94.83, 96.61, 97.34, 97.66, 98.14, 98.12, 98.46, 98.74, 98.92, 98.81, 98.85, 98.95, 98.45, 98.86, 98.98, 98.8, 99.08, 99.09, 99.14, 98.9, 99.05, 99.03, 98.95, 99.11, 99.19, 99.11, 98.96, 99.09, 99.08, 99.03, 99.17, 99.11, 99.16, 99.02, 99.07, 99.04, 98.95, 99.15, 99.22, 99.08, 99.24, 99.05, 99.13, 99.2, 99.24, 99.11, 99.19, 99.23, 99.1, 99.15, 99.18, 99.12, 99.09, 99.01, 99.12, 99.18, 99.13, 99.26, 99.19, 99.11, 99.05, 99.25, 99.15, 99.2, 98.89, 99.09, 99.14, 99.03, 99.29, 98.97, 98.56, 99.17, 99.11, 99.19, 99.23, 99.12, 99.13, 99.24, 99.23, 99.25, 99.28, 99.24, 99.31, 99.25, 99.24, 99.14, 99.2, 99.21, 99.24, 99.3, 99.24, 99.28, 99.2, 99.21, 99.24, 99.26, 99.22, 99.25, 99.25, 99.26, 99.26, 99.26, 99.28, 99.23, 99.26, 99.26, 99.18, 97.57, 99.07, 99.13, 99.11, 99.22, 99.3, 99.29, 99.17, 99.33, 99.15, 99.33, 99.27, 99.21, 99.26, 99.29, 99.22, 99.28, 99.3, 99.29, 99.19, 99.23, 99.13, 99.16, 99.21, 99.2, 99.27, 99.32, 99.3, 99.24, 99.18, 99.21, 99.25, 99.29, 99.32, 99.32, 99.33, 99.33, 99.31, 99.33, 99.32, 99.3, 99.26, 99.27, 98.94, 99.12, 99.15, 99.22, 99.21, 99.16, 99.06, 99.3, 99.26, 99.4, 99.23, 99.26, 99.22, 99.29, 99.25, 99.37, 99.34, 99.32, 99.35, 99.34, 99.35, 99.36, 99.33, 99.29, 99.33, 99.29, 99.32, 99.28, 99.31, 99.14, 99.08, 98.99, 99.23, 99.37, 99.21, 99.17, 99.19, 99.29, 99.28, 99.11, 99.33, 99.23, 99.29, 99.12, 99.15, 99.18, 99.25, 99.28, 99.34, 99.29, 99.28, 99.32, 99.3, 99.34, 99.3, 99.3, 99.29, 99.33, 99.32, 99.31, 99.33, 98.96, 99.01, 99.25, 99.32, 99.13, 99.17, 99.29, 99.26, 99.19, 99.12, 99.33, 99.24, 99.2, 99.2, 99.31, 99.26, 99.21, 99.24, 99.24, 99.31, 99.35, 99.32, 99.34, 99.31, 99.35, 99.3, 99.31, 99.37, 99.31, 99.29, 99.33, 99.31, 99.27, 99.3, 99.23, 99.32, 99.15, 99.17, 99.17, 99.23, 99.29, 99.12, 99.18, 99.23, 99.23, 99.29, 99.35, 99.35, 99.38, 99.35, 99.4, 99.38, 99.38, 99.34, 99.38, 99.36, 99.36, 99.35, 99.34, 99.4, 99.35, 99.41, 99.34, 99.33, 99.37, 99.07, 99.11, 99.24, 99.13, 98.98, 99.31, 99.31, 99.26, 99.17, 99.13, 99.31, 99.32, 99.35, 99.36, 99.37, 99.38, 99.38, 99.37, 99.38, 99.37, 99.4, 99.39],