{"epoch": [1, 2, 3, 4, 5, 6, 7, 8, 9, 10, 11, 12, 13, 14, 15, 16, 17, 18, 19, 20, 21, 22, 23, 24, 25, 26, 27, 28, 29, 30, 31, 32, 33, 34, 35, 36, 37, 38, 39, 40, 41, 42, 43, 44, 45, 46, 47, 48, 49, 50, 51, 52, 53, 54, 55, 56, 57, 58, 59, 60, 61, 62, 63, 64, 65, 66, 67, 68, 69, 70, 71, 72, 73, 74, 75, 76, 77, 78, 79, 80, 81, 82, 83, 84, 85, 86, 87, 88, 89, 90, 91, 92, 93, 94, 95, 96, 97, 98, 99, 100, 101, 102, 103, 104, 105, 106, 107, 108, 109, 110, 111, 112, 113, 114, 115, 116, 117, 118, 119, 120, 121, 122, 123, 124, 125, 126, 127, 128, 129, 130, 131, 132, 133, 134, 135, 136, 137, 138, 139, 140, 141, 142, 143, 144, 145, 146, 147, 148, 149, 150, 151, 152, 153, 154, 155, 156, 157, 158, 159, 160, 161, 162, 163, 164, 165, 166, 167, 168, 169, 170, 171, 172, 173, 174, 175, 176, 177, 178, 179, 180, 181, 182, 183, 184, 185, 186, 187, 188, 189, 190, 191, 192, 193, 194, 195, 196, 197, 198, 199, 200, 201, 202, 203, 204, 205, 206, 207, 208, 209, 210, 211, 212, 213, 214, 215, 216, 217, 218, 219, 220, 221, 222, 223, 224, 225, 226, 227, 228, 229, 230, 231, 232, 233, 234, 235, 236, 237, 238, 239, 240, 241, 242, 243, 244, 245, 246, 247, 248, 249, 250, 251, 252, 253, 254, 255, 256, 257, 258, 259, 260, 261, 262, 263, 264, 265, 266, 267, 268, 269, 270, 271, 272, 273, 274, 275, 276, 277, 278, 279, 280, 281, 282, 283, 284, 285, 286, 287, 288, 289, 290, 291, 292, 293, 294, 295, 296, 297, 298, 299, 300], "train_accuracy": [44.15, 90.04, 96.31, 97.505, 98.21333333333334, 98.44, 98.69666666666667, 98.90833333333333, 98.88833333333334, 99.14, 99.18666666666667, 99.305, 99.47333333333333, 99.53833333333333, 99.54, 99.435, 99.60333333333334, 99.71, 99.77833333333334, 99.73166666666667, 99.69, 99.74333333333334, 99.79, 99.77333333333333, 99.70833333333333, 99.83833333333334, 99.87166666666667, 99.915, 99.915, 99.92666666666666, 99.815, 99.82166666666667, 99.88666666666667, 99.53333333333333, 99.79333333333334, 99.855, 99.80666666666667, 99.87833333333333, 99.885, 99.86833333333334, 99.85833333333333, 99.845, 99.92333333333333, 99.92333333333333, 99.905, 99.83333333333333, 99.87666666666667, 99.92833333333333, 99.95833333333333, 99.86666666666666, 99.915, 99.95, 99.95833333333333, 99.97, 99.99333333333334, 99.93666666666667, 99.89166666666667, 99.94, 99.93666666666667, 99.95333333333333, 99.98, 99.98333333333333, 99.99166666666666, 99.99833333333333, 99.99833333333333, 100.0, 99.99666666666667, 100.0, 99.99666666666667, 99.99333333333334, 100.0, 99.99666666666667, 99.98666666666666, 99.96166666666667, 99.85666666666667, 99.63, 99.77666666666667, 99.665, 99.77166666666666, 99.83166666666666, 99.89333333333333, 99.84166666666667, 99.88666666666667, 99.86166666666666, 99.81833333333333, 99.94, 99.92666666666666, 99.85166666666667, 99.905, 99.93333333333334, 99.90166666666667, 99.95833333333333, 99.99666666666667, 99.98, 99.93333333333334, 99.94166666666666, 99.96333333333334, 99.745, 99.875, 99.95833333333333, 99.94, 99.93833333333333, 99.91333333333333, 99.94833333333334, 99.95833333333333, 99.99166666666666, 99.99833333333333, 100.0, 100.0, 100.0, 100.0, 100.0, 100.0, 100.0, 100.0, 100.0, 100.0, 100.0, 100.0, 100.0, 99.98833333333333, 98.81333333333333, 99.25, 99.56833333333333, 99.82333333333334, 99.88333333333334, 99.93, 99.92833333333333, 99.815, 99.91333333333333, 99.90166666666667, 99.86, 99.88, 99.915, 99.94833333333334, 99.945, 99.96166666666667, 99.955, 99.935, 99.96166666666667, 99.97666666666667, 99.99166666666666, 99.99666666666667, 100.0, 100.0, 100.0, 100.0, 100.0, 100.0, 100.0, 100.0, 100.0, 100.0, 100.0, 99.99333333333334, 99.89, 99.20833333333333, 99.49333333333334, 99.845, 99.86666666666666, 99.85166666666667, 99.96, 99.99, 99.99833333333333, 100.0, 100.0, 100.0, 100.0, 100.0, 100.0, 100.0, 100.0, 100.0, 100.0, 100.0, 100.0, 100.0, 99.97833333333334, 99.93, 99.81, 99.80666666666667, 99.78666666666666, 99.82166666666667, 99.88666666666667, 99.91333333333333, 99.935, 99.97666666666667, 99.97666666666667, 99.995, 100.0, 100.0, 100.0, 100.0, 100.0, 100.0, 100.0, 100.0, 100.0, 100.0, 100.0, 100.0, 100.0, 100.0, 100.0, 99.99833333333333, 99.94166666666666, 99.78166666666667, 99.67833333333333, 99.765, 99.80666666666667, 99.895, 99.81333333333333, 99.88333333333334, 99.89833333333333, 99.92333333333333, 99.96166666666667, 99.97333333333333, 99.93833333333333, 99.955, 99.96166666666667, 99.95833333333333, 99.99, 99.99, 99.98666666666666, 99.98666666666666, 99.91666666666667, 99.955, 99.96666666666667, 99.95833333333333, 99.93833333333333, 99.90833333333333, 99.95333333333333, 99.93166666666667, 99.90166666666667, 99.87833333333333, 99.93666666666667, 99.93666666666667, 99.94333333333333, 99.95166666666667, 99.98666666666666, 99.995, 99.995, 99.99, 99.98833333333333, 99.98333333333333, 99.99666666666667, 100.0, 100.0, 100.0, 100.0, 100.0, 100.0, 100.0, 100.0, 100.0, 99.99833333333333, 100.0, 99.96166666666667, 99.92166666666667, 99.76666666666667, 99.76333333333334, 99.81166666666667, 99.87333333333333, 99.88833333333334, 99.85833333333333, 99.94666666666667, 99.92333333333333, 99.93833333333333, 99.95, 99.96833333333333, 99.97166666666666, 99.95833333333333, 99.95, 99.96666666666667, 99.98666666666666, 100.0, 100.0, 100.0, 100.0, 100.0, 100.0, 100.0, 100.0, 100.0, 100.0, 100.0, 100.0, 100.0, 100.0, 99.99166666666666, 99.99666666666667, 99.99666666666667, 99.99166666666666, 99.98666666666666, 99.94833333333334, 99.76666666666667, 99.85166666666667, 99.88333333333334, 99.91166666666666, 99.90666666666667], "test_accuracy": [82.64, 95.34, 97.39, 97.61, 98.19, 98.28, 98.67, 98.5, 98.99, 98.81, 98.86, 99.1, 98.94, 98.98, 99.12, 99.21, 99.19, 99.09, 99.17, 99.17, 99.09, 99.23, 99.11, 99.06, 99.29, 99.25, 99.26, 99.22, 99.2, 99.12, 99.18, 99.28, 99.01, 99.19, 99.29, 98.9, 99.25, 99.22, 99.33, 99.22, 99.21, 99.18, 99.24, 99.29, 99.21, 99.27, 99.06, 99.24, 99.15, 99.17, 99.03, 99.23, 99.2, 99.27, 99.31, 99.21, 99.21, 99.04, 99.24, 99.15, 99.17, 99.28, 99.26, 99.32, 99.31, 99.32, 99.31, 99.31, 99.27, 99.37, 99.35, 99.31, 99.24, 99.14, 98.86, 99.1, 99.07, 99.2, 99.28, 99.17, 99.25, 99.22, 99.2, 99.0, 99.22, 99.25, 99.03, 99.22, 99.15, 99.26, 99.29, 99.32, 99.45, 99.34, 99.28, 99.24, 99.23, 99.21, 99.31, 99.23, 99.29, 99.26, 99.38, 99.15, 99.36, 99.3, 99.33, 99.33, 99.32, 99.36, 99.37, 99.36, 99.36, 99.31, 99.35, 99.3, 99.32, 99.34, 99.29, 99.34, 99.26, 98.56, 99.18, 99.27, 99.22, 99.18, 99.07, 99.21, 99.3, 99.28, 99.33, 99.23, 99.17, 99.12, 99.26, 99.28, 99.26, 99.27, 99.23, 99.17, 99.38, 99.27, 99.32, 99.31, 99.32, 99.33, 99.34, 99.35, 99.36, 99.35, 99.32, 99.36, 99.38, 99.31, 99.32, 99.17, 98.8, 99.25, 99.18, 99.06, 99.26, 99.2, 99.29, 99.29, 99.28, 99.28, 99.27, 99.27, 99.27, 99.26, 99.27, 99.3, 99.29, 99.28, 99.33, 99.32, 99.29, 99.21, 99.2, 98.98, 99.22, 99.27, 99.26, 99.29, 99.25, 99.25, 99.33, 99.24, 99.37, 99.38, 99.37, 99.37, 99.34, 99.34, 99.34, 99.33, 99.35, 99.37, 99.31, 99.33, 99.29, 99.31, 99.29, 99.26, 99.22, 99.03, 99.09, 99.05, 98.9, 98.99, 99.12, 99.17, 99.05, 99.03, 99.28, 99.3, 99.31, 99.25, 99.18, 99.07, 99.25, 99.22, 99.27, 99.16, 99.27, 99.14, 99.12, 99.19, 99.21, 99.1, 99.28, 99.22, 98.98, 99.05, 99.25, 99.08, 99.12, 99.21, 99.25, 99.23, 99.29, 99.31, 99.31, 99.32, 99.24, 99.26, 99.32, 99.33, 99.3, 99.3, 99.32, 99.32, 99.3, 99.32, 99.31, 99.31, 99.32, 99.12, 99.08, 99.04, 99.12, 99.2, 99.25, 99.24, 99.15, 99.29, 99.31, 99.11, 99.28, 99.25, 99.27, 99.35, 99.21, 99.3, 99.37, 99.26, 99.32, 99.3, 99.29, 99.28, 99.26, 99.26, 99.3, 99.31, 99.28, 99.29, 99.32, 99.31, 99.31, 99.3, 99.35, 99.27, 99.27, 99.24, 99.26, 99.0, 99.24, 99.12, 99.12, 99.09],